{"cameraMode":{"drawMode":0,"name":"Shaded","section":"Shading Mode"},"sceneLighting":true,"audioPlay":false,"sceneViewState":{"showFog":true,"showMaterialUpdate":false,"showSkybox":true,"showFlares":true,"showImageEffects":true,"showParticleSystems":true},"in2DMode":false,"pivot":{"x":2.6683430671691896,"y":14.254339218139649,"z":26.434396743774415},"rotation":{"x":-0.6618799567222595,"y":0.004665144719183445,"z":-0.004214008804410696,"w":-0.7496336102485657},"size":3.233142614364624,"orthographic":false}