{"cameraMode":{"drawMode":0,"name":"Shaded","section":"Shading Mode"},"sceneLighting":true,"audioPlay":false,"sceneViewState":{"showFog":true,"showMaterialUpdate":false,"showSkybox":true,"showFlares":true,"showImageEffects":true,"showParticleSystems":true},"in2DMode":false,"pivot":{"x":3.429929733276367,"y":12.525355339050293,"z":23.069660186767579},"rotation":{"x":-0.41476255655288699,"y":0.5686472654342651,"z":-0.40320950746536257,"w":-0.584885835647583},"size":2.1735246181488039,"orthographic":false}