{"cameraMode":{"drawMode":0,"name":"Shaded","section":"Shading Mode"},"sceneLighting":true,"audioPlay":false,"sceneViewState":{"showFog":true,"showMaterialUpdate":false,"showSkybox":true,"showFlares":true,"showImageEffects":true,"showParticleSystems":true},"in2DMode":false,"pivot":{"x":-183.71343994140626,"y":-106.0,"z":-127.89999389648438},"rotation":{"x":-0.18988165259361268,"y":0.6975480318069458,"z":-0.2019312083721161,"w":-0.6610316634178162},"size":82.27129364013672,"orthographic":false}