{"cameraMode":{"drawMode":0,"name":"Shaded","section":"Shading Mode"},"sceneLighting":true,"audioPlay":false,"sceneViewState":{"showFog":true,"showMaterialUpdate":false,"showSkybox":true,"showFlares":true,"showImageEffects":true,"showParticleSystems":true},"in2DMode":false,"pivot":{"x":-145.15707397460938,"y":-91.33299255371094,"z":220.95301818847657},"rotation":{"x":0.14658638834953309,"y":-0.27675992250442507,"z":0.04285644739866257,"w":0.9488234519958496},"size":20.218578338623048,"orthographic":false}