{"cameraMode":{"drawMode":0,"name":"Shaded","section":"Shading Mode"},"sceneLighting":true,"audioPlay":false,"sceneViewState":{"showFog":true,"showMaterialUpdate":false,"showSkybox":true,"showFlares":true,"showImageEffects":true,"showParticleSystems":true},"in2DMode":false,"pivot":{"x":2.5903587341308595,"y":14.176529884338379,"z":13.36003589630127},"rotation":{"x":-0.30795925855636599,"y":0.28447389602661135,"z":-0.09729382395744324,"w":-0.9028139710426331},"size":1.6504688262939454,"orthographic":false}